{"18-344": {
    "rDAE": [48.322999679370113, 48.38532123951903, 48.185191558564718, 48.138674041742256],
    "rMP": [43.833418076940191, 43.790128132104975, 43.738822837246261, 43.735172897980476],
    "pRDA": [
        [10.0, 11.011235955056179, 12.02247191011236, 13.033707865168539, 14.04494382022472, 15.056179775280899, 16.067415730337078, 17.078651685393258, 18.08988764044944, 19.101123595505619, 20.112359550561798, 21.123595505617978, 22.134831460674157, 23.146067415730336, 24.157303370786515, 25.168539325842698, 26.179775280898877, 27.191011235955056, 28.202247191011235, 29.213483146067418, 30.224719101123597, 31.235955056179776, 32.247191011235955, 33.258426966292134, 34.269662921348313, 35.280898876404493, 36.292134831460672, 37.303370786516851, 38.31460674157303, 39.325842696629209, 40.337078651685395, 41.348314606741575, 42.359550561797754, 43.370786516853933, 44.382022471910112, 45.393258426966291, 46.40449438202247, 47.415730337078649, 48.426966292134836, 49.438202247191015, 50.449438202247194, 51.460674157303373, 52.471910112359552, 53.483146067415731, 54.49438202247191, 55.50561797752809, 56.516853932584269, 57.528089887640448, 58.539325842696627, 59.550561797752813, 60.561797752808992, 61.573033707865171, 62.584269662921351, 63.59550561797753, 64.606741573033702, 65.617977528089881, 66.62921348314606, 67.640449438202239, 68.651685393258418, 69.662921348314612, 70.674157303370791, 71.68539325842697, 72.696629213483149, 73.707865168539328, 74.719101123595507, 75.730337078651687, 76.741573033707866, 77.752808988764045, 78.764044943820224, 79.775280898876403, 80.786516853932582, 81.797752808988761, 82.80898876404494, 83.82022471910112, 84.831460674157299, 85.842696629213492, 86.853932584269671, 87.86516853932585, 88.876404494382029, 89.887640449438209, 90.898876404494388, 91.910112359550567, 92.921348314606746, 93.932584269662925, 94.943820224719104, 95.955056179775283, 96.966292134831463, 97.977528089887642, 98.988764044943821, 100.0],
        [10.0, 11.011235955056179, 12.02247191011236, 13.033707865168539, 14.04494382022472, 15.056179775280899, 16.067415730337078, 17.078651685393258, 18.08988764044944, 19.101123595505619, 20.112359550561798, 21.123595505617978, 22.134831460674157, 23.146067415730336, 24.157303370786515, 25.168539325842698, 26.179775280898877, 27.191011235955056, 28.202247191011235, 29.213483146067418, 30.224719101123597, 31.235955056179776, 32.247191011235955, 33.258426966292134, 34.269662921348313, 35.280898876404493, 36.292134831460672, 37.303370786516851, 38.31460674157303, 39.325842696629209, 40.337078651685395, 41.348314606741575, 42.359550561797754, 43.370786516853933, 44.382022471910112, 45.393258426966291, 46.40449438202247, 47.415730337078649, 48.426966292134836, 49.438202247191015, 50.449438202247194, 51.460674157303373, 52.471910112359552, 53.483146067415731, 54.49438202247191, 55.50561797752809, 56.516853932584269, 57.528089887640448, 58.539325842696627, 59.550561797752813, 60.561797752808992, 61.573033707865171, 62.584269662921351, 63.59550561797753, 64.606741573033702, 65.617977528089881, 66.62921348314606, 67.640449438202239, 68.651685393258418, 69.662921348314612, 70.674157303370791, 71.68539325842697, 72.696629213483149, 73.707865168539328, 74.719101123595507, 75.730337078651687, 76.741573033707866, 77.752808988764045, 78.764044943820224, 79.775280898876403, 80.786516853932582, 81.797752808988761, 82.80898876404494, 83.82022471910112, 84.831460674157299, 85.842696629213492, 86.853932584269671, 87.86516853932585, 88.876404494382029, 89.887640449438209, 90.898876404494388, 91.910112359550567, 92.921348314606746, 93.932584269662925, 94.943820224719104, 95.955056179775283, 96.966292134831463, 97.977528089887642, 98.988764044943821, 100.0],
        [10.0, 11.011235955056179, 12.02247191011236, 13.033707865168539, 14.04494382022472, 15.056179775280899, 16.067415730337078, 17.078651685393258, 18.08988764044944, 19.101123595505619, 20.112359550561798, 21.123595505617978, 22.134831460674157, 23.146067415730336, 24.157303370786515, 25.168539325842698, 26.179775280898877, 27.191011235955056, 28.202247191011235, 29.213483146067418, 30.224719101123597, 31.235955056179776, 32.247191011235955, 33.258426966292134, 34.269662921348313, 35.280898876404493, 36.292134831460672, 37.303370786516851, 38.31460674157303, 39.325842696629209, 40.337078651685395, 41.348314606741575, 42.359550561797754, 43.370786516853933, 44.382022471910112, 45.393258426966291, 46.40449438202247, 47.415730337078649, 48.426966292134836, 49.438202247191015, 50.449438202247194, 51.460674157303373, 52.471910112359552, 53.483146067415731, 54.49438202247191, 55.50561797752809, 56.516853932584269, 57.528089887640448, 58.539325842696627, 59.550561797752813, 60.561797752808992, 61.573033707865171, 62.584269662921351, 63.59550561797753, 64.606741573033702, 65.617977528089881, 66.62921348314606, 67.640449438202239, 68.651685393258418, 69.662921348314612, 70.674157303370791, 71.68539325842697, 72.696629213483149, 73.707865168539328, 74.719101123595507, 75.730337078651687, 76.741573033707866, 77.752808988764045, 78.764044943820224, 79.775280898876403, 80.786516853932582, 81.797752808988761, 82.80898876404494, 83.82022471910112, 84.831460674157299, 85.842696629213492, 86.853932584269671, 87.86516853932585, 88.876404494382029, 89.887640449438209, 90.898876404494388, 91.910112359550567, 92.921348314606746, 93.932584269662925, 94.943820224719104, 95.955056179775283, 96.966292134831463, 97.977528089887642, 98.988764044943821, 100.0],
        [10.0, 11.011235955056179, 12.02247191011236, 13.033707865168539, 14.04494382022472, 15.056179775280899, 16.067415730337078, 17.078651685393258, 18.08988764044944, 19.101123595505619, 20.112359550561798, 21.123595505617978, 22.134831460674157, 23.146067415730336, 24.157303370786515, 25.168539325842698, 26.179775280898877, 27.191011235955056, 28.202247191011235, 29.213483146067418, 30.224719101123597, 31.235955056179776, 32.247191011235955, 33.258426966292134, 34.269662921348313, 35.280898876404493, 36.292134831460672, 37.303370786516851, 38.31460674157303, 39.325842696629209, 40.337078651685395, 41.348314606741575, 42.359550561797754, 43.370786516853933, 44.382022471910112, 45.393258426966291, 46.40449438202247, 47.415730337078649, 48.426966292134836, 49.438202247191015, 50.449438202247194, 51.460674157303373, 52.471910112359552, 53.483146067415731, 54.49438202247191, 55.50561797752809, 56.516853932584269, 57.528089887640448, 58.539325842696627, 59.550561797752813, 60.561797752808992, 61.573033707865171, 62.584269662921351, 63.59550561797753, 64.606741573033702, 65.617977528089881, 66.62921348314606, 67.640449438202239, 68.651685393258418, 69.662921348314612, 70.674157303370791, 71.68539325842697, 72.696629213483149, 73.707865168539328, 74.719101123595507, 75.730337078651687, 76.741573033707866, 77.752808988764045, 78.764044943820224, 79.775280898876403, 80.786516853932582, 81.797752808988761, 82.80898876404494, 83.82022471910112, 84.831460674157299, 85.842696629213492, 86.853932584269671, 87.86516853932585, 88.876404494382029, 89.887640449438209, 90.898876404494388, 91.910112359550567, 92.921348314606746, 93.932584269662925, 94.943820224719104, 95.955056179775283, 96.966292134831463, 97.977528089887642, 98.988764044943821, 100.0]
    ],
    "rDA": [47.531359658881833, 47.618082198492239, 47.335858280219007, 47.24870840081639]
}, "344-496": {
    "rDAE": [48.322999679370113, 48.38532123951903, 48.185191558564718, 48.138674041742256],
    "rMP": [43.833418076940191, 43.790128132104975, 43.738822837246261, 43.735172897980476],